Unnamed: 0,trans_date_trans_time,cc_num,merchant,category,amt,first,last,gender,street,city,state,zip,lat,long,city_pop,job,dob,trans_num,unix_time,merch_lat,merch_long,is_fraud
301402,2020-10-12 22:41:52,5456712664803820,fraud_Kirlin and Sons,personal_care,51.86,Pamela,Matthews,F,36659 Smith Club Apt. 080,Llano,NM,87543,36.1486,-105.6648,247,Architectural technologist,1961-10-24,1189ac7889edcffbdaf1da0f44056d73,1381617712,35.672329,-106.219095,1
322540,2020-10-22 06:38:07,4634955908138648,"fraud_Greenholt, Jacobi and Gleason",gas_transport,57.78,Mackenzie,Smith,F,7178 Willis Drive,Hooper,NE,68031,41.6414,-96.5232,1745,"Engineer, automotive",1973-12-26,e8bb1a756f636a1063d8869ef00c2842,1382423887,42.568582,-95.872879,0
221912,2020-09-08 03:41:56,3597926034019603,fraud_Pacocha-O'Reilly,grocery_pos,338.13,Derrick,Flores,M,83690 Nicholas Ports Apt. 846,Oakland,TN,38060,35.2229,-89.5518,9496,Furniture conservator/restorer,1993-03-23,391f8c4023982ce9cde6c059a549d222,1378611716,34.743376,-90.338714,1
372012,2020-11-13 02:48:17,30487648872433,fraud_Wolf Inc,grocery_pos,333.84,Stephanie,Crane,F,144 Martinez Curve,Central,IN,47110,38.097,-86.1723,350,Counsellor,1955-01-05,df5a429e9777899e056bb6cd9ab4d3f4,1384310897,38.969785,-85.97324,1
330135,2020-10-25 23:06:13,4883407061576,fraud_Kassulke PLC,shopping_net,974.36,Rachel,Williams,F,6386 Bailey Hill Apt. 421,Seattle,WA,98118,47.5412,-122.275,837792,Systems developer,1936-12-23,5cc92a8f0821a1fb075acce4e8b21ed4,1382742373,48.375593,-122.83509,1
32775,2020-07-02 12:26:47,6011652924285713,"fraud_Haley, Jewess and Bechtelar",shopping_pos,6.98,Kathryn,Smith,F,19838 Tonya Prairie Apt. 947,Rocky Mount,MO,65072,38.2911,-92.7059,1847,Tax inspector,1988-10-26,0b61f5e2edd100a4c1e327e3203b7706,1372768007,37.361296,-92.140481,0
225095,2020-09-09 10:27:11,501831082224,fraud_Friesen Inc,shopping_pos,8.0,Corey,Jones,M,709 George Underpass Apt. 080,West Decatur,PA,16878,40.9493,-78.3129,1762,Armed forces logistics/support/administrative officer,1962-05-04,ed3b01b884478e551ee555f10f463a3b,1378722431,41.562276,-77.77722299999999,0
105468,2020-07-27 22:00:28,2222157926772399,fraud_Kilback and Sons,entertainment,557.46,Amy,Garrett,F,6014 Thomas Throughway,Trenton,TX,75490,33.4235,-96.3398,2211,"Investment banker, operational",1987-02-26,00baae1ac0c17ba62188c656dcdd81a9,1374962428,33.489518,-96.50862,1
118000,2020-08-01 22:21:51,3576281490078437,fraud_Heathcote LLC,shopping_net,975.35,Chris,Dixon,M,919 Miller Isle,Williams,IN,47470,38.7735,-86.6285,1735,Financial adviser,1990-06-13,f5cf83ea7b63338db4a940342e7243c9,1375395711,38.790772,-87.160684,1
52170,2020-07-09 04:08:36,30328384440870,fraud_Medhurst PLC,shopping_net,2.8,Helen,Campbell,F,182 Sergio Summit Apt. 129,Browning,MO,64630,40.029,-93.1607,602,Cytogeneticist,1954-07-14,b2773fae2faa330710997589fe430e44,1373342916,39.171477,-92.308661,0
404518,2020-11-27 16:55:14,4736845434667908128,fraud_Gleason and Sons,kids_pets,14.33,Toni,Gomez,F,062 Carl Dam,Altona,NY,12910,44.8816,-73.6408,2148,"Surveyor, land/geomatics",1953-05-23,902315e0c735f1a210fd63ccd582e59f,1385571314,44.973235,-74.144302,0
309948,2020-10-17 02:48:40,4958589671582726883,fraud_Bailey-Morar,grocery_pos,285.8,Aaron,Pena,M,793 Hooper Tunnel Suite 154,Burke,VA,22015,38.7894,-77.2818,43102,Health visitor,1950-11-27,336e3689b1fb5a042d2fa3605482ef2f,1381978120,38.638158,-76.891253,1
396866,2020-11-23 22:05:47,4972228199573984,fraud_Klocko LLC,misc_net,836.49,Brian,Hogan,M,3316 Cindy Land,Lane,OK,74555,34.2691,-95.9685,861,Quantity surveyor,1960-04-08,d2c41dbf2c418a8c53c68741f2521f38,1385244347,34.449544,-95.578273,1
36082,2020-07-03 22:44:10,3589255887819806,fraud_McGlynn-Heathcote,misc_net,693.71,David,Miller,M,622 Bradley Knoll Apt. 758,Hancock,MD,21750,39.6991,-78.1762,3766,Press photographer,1984-02-14,e343db8193fac341cc23997d4eb71be9,1372891450,39.840071,-78.945141,1
21937,2020-06-28 23:24:26,3581130339108561,fraud_Fisher-Schowalter,shopping_net,1142.66,Gregory,Wood,M,622 Robert Summit,Akron,OH,44307,41.0695,-81.5488,272134,Call centre manager,1964-03-15,6cc195cdb0c39f3ab5d2b1a5860b86a2,1372461866,41.894724,-81.866035,1
275750,2020-10-01 22:26:27,180020605265701,"fraud_Boehm, Predovic and Reinger",misc_pos,9.34,John,Lewis,M,7908 Derrick Mount,Morrowville,KS,66958,39.8616,-97.1825,314,Chemical engineer,2002-03-17,b30f7340f3d1bd6eadd13ab043072a26,1380666387,38.896016,-98.166538,1
307759,2020-10-15 22:36:44,3501942333500073,fraud_Tillman LLC,travel,10.18,Lori,Bishop,F,08056 Alvarado Club Suite 699,Phoenix,AZ,85086,33.8155,-112.1202,1312922,Counselling psychologist,1999-11-30,b45232e9f4ddae7b1bd5abf19689bd3d,1381876604,34.424236,-113.06184,1
517296,2020-12-22 22:21:45,376028110684021,"fraud_Moore, Williamson and Emmerich",home,91.14,Aaron,Murray,M,624 Hale Springs Apt. 572,Meadville,MO,64659,39.7795,-93.3014,964,Tourist information centre manager,1974-12-23,0ccc2fd1ab47251899c7f61929fedadd,1387750905,39.167631,-93.098069,0
181450,2020-08-24 03:25:48,2284059275940012,"fraud_Greenholt, Jacobi and Gleason",gas_transport,50.93,Thomas,Mathis,M,26615 Nelson Lane,Moores Hill,IN,47032,39.0945,-85.0638,3289,Sub,1969-11-22,cd176ec3129475f7de78bcbc32c62a29,1377314748,39.82381,-85.877495,0
230695,2020-09-12 13:10:06,340953839692349,"fraud_Schiller, Blanda and Johnson",home,48.97,Tyler,Wright,M,615 Clarke Spring Apt. 172,Warren,MI,48088,42.5164,-82.9832,134056,"Doctor, hospital",1980-05-18,f9982b25cee41dfcbc5a1fa3b08125bf,1378991406,42.043453,-82.269211,0
73244,2020-07-16 17:35:04,3541160328600277,fraud_Zulauf LLC,personal_care,35.2,Jason,Singh,M,4720 Anna Ways,Murrayville,IL,62668,39.5723,-90.2379,1512,Commercial/residential surveyor,2003-05-07,2330fc9d1c2341cebf17db97467fac05,1373996104,40.223806,-90.404652,0
117230,2020-08-01 15:56:59,213156747557083,"fraud_Okuneva, Schneider and Rau",shopping_pos,5.27,Adam,Santos,M,725 Jo Trace Apt. 102,Glendale,CA,91206,34.1556,-118.2322,172817,Advertising account planner,1982-07-30,2ba72f88fd4a1373c0ae96563fa3e8f5,1375372619,33.655578000000006,-118.274963,0
133300,2020-08-06 22:15:19,348253506557335,"fraud_Streich, Dietrich and Barton",shopping_net,1267.18,Thomas,Gibson,M,32745 Silva Springs Suite 040,Grand Bay,AL,36541,30.4983,-88.3282,15647,Armed forces logistics/support/administrative officer,1948-03-22,f652df33e5877d73c422fa8799db45b3,1375827319,30.39588,-89.191137,1
37448,2020-07-04 14:16:07,3596217206093829,fraud_Rau-Robel,kids_pets,11.04,Sara,Ramirez,F,23843 Scott Island,Birmingham,IA,52535,40.8626,-91.9534,888,Camera operator,1988-03-25,f7a37cf1d81e4948f7b071cdc1be760f,1372947367,41.477607,-92.13097,0
248521,2020-09-20 07:45:35,3514897282719543,fraud_Kassulke Inc,entertainment,130.54,Steven,Faulkner,M,841 Cheryl Centers Suite 115,Farmington,NY,14425,42.958,-77.3083,10717,Cytogeneticist,1952-10-13,2236815b83b8c1d7bccb59b0bc261263,1379663135,42.003447,-77.281921,0
457196,2020-12-10 00:22:54,36485887555770,"fraud_Swift, Bradtke and Marquardt",grocery_net,61.83,Michael,Gross,M,230 Ryan Tunnel Apt. 025,Fulton,OH,43321,40.4971,-82.8342,267,Facilities manager,2005-01-29,5f1e200405ac6a44f59283db7926fb04,1386634974,40.679085,-83.373641,0
354254,2020-11-05 03:30:34,370612217861404,fraud_Auer-West,shopping_net,962.8,Amanda,Fitzgerald,F,298 Kayla Lights,Bristol,PA,19007,40.1159,-74.8536,21125,"Administrator, charities/voluntary organisations",1985-05-25,04f32b7c6fdf19c7229c31ccc5d32975,1383622234,41.043482,-74.916847,1
29795,2020-06-30 22:43:00,30551643947183,fraud_Ziemann-Waters,health_fitness,18.4,Morgan,Smith,F,1441 Bradley Place,Grover,NC,28073,35.1836,-81.4552,5621,Toxicologist,1973-11-14,8d624487e70bee749037423bd007b49b,1372632180,35.179315,-82.382785,1
117417,2020-08-01 17:26:59,346208242862904,"fraud_Lang, Towne and Schuppe",kids_pets,59.67,Tabitha,Reyes,F,20938 Barbara Viaduct,New York City,NY,10280,40.7105,-74.0163,1577385,"Pharmacist, hospital",1961-05-13,8ca2843420e58eeb7951486fc96d900c,1375378019,39.953739,-74.731898,0
121773,2020-08-03 00:51:44,4653879239169997,"fraud_Rippin, Kub and Mann",misc_net,684.27,Monica,Tucker,F,302 Christina Islands,Smiths Grove,KY,42171,37.0581,-86.1938,6841,"Therapist, sports",1999-06-06,44549a6495507f6eb59e38c5b1b4cc26,1375491104,37.611321,-86.39285600000001,1
78505,2020-07-18 23:37:00,3534330126107879,"fraud_Quitzon, Green and Bashirian",shopping_pos,742.91,Jeffrey,Smith,M,713 Scott Pike Apt. 712,Bridger,MT,59014,45.2857,-108.9082,1446,Chartered loss adjuster,1978-01-15,e64e044824c37a89d0c53939e36a3bd0,1374190620,44.290493,-108.71719,1
296020,2020-10-11 03:45:05,30434173205605,"fraud_Mosciski, Gislason and Mertz",grocery_pos,64.23,Kylie,Kirby,F,79816 Jackson Squares,Shedd,OR,97377,44.453,-123.1065,917,Radio broadcast assistant,1995-07-08,7eaef76b596fe0ec78ed799a936480bf,1381463105,45.259202,-122.402218,0
464810,2020-12-12 03:18:51,3596217206093829,fraud_Bruen-Yost,misc_pos,717.14,Sara,Ramirez,F,23843 Scott Island,Birmingham,IA,52535,40.8626,-91.9534,888,Camera operator,1988-03-25,44b9c3273bfeaa931586a19ee9941b3b,1386818331,40.368314,-92.514904,1
42422,2020-07-06 02:51:13,4462038234743679432,fraud_Bradtke PLC,grocery_pos,341.91,Kimberly,Bush,F,6027 Scott Meadows Suite 494,Dell City,TX,79837,31.924,-105.2099,579,Hydrogeologist,1945-11-26,9045e92173094520d72a2d874b60e79a,1373079073,31.805983,-105.005893,1
393473,2020-11-22 20:02:20,342952484382519,"fraud_Schmeler, Bashirian and Price",shopping_net,6.06,Kayla,Jones,F,6033 Young Track Suite 804,East Canaan,CT,6024,42.0158,-73.2913,647,Comptroller,1987-09-26,31ca5380ef0abac201558601e36362ba,1385150540,42.097571,-73.73285899999999,0
487785,2020-12-16 16:36:14,560881134780,fraud_Wuckert-Goldner,home,2.77,Audrey,Martinez,F,343 Joshua Views,Liberty Mills,IN,46946,41.0356,-85.7358,136,Soil scientist,1953-03-19,2ebd475a1a6d165c2ed34faf343a8982,1387211774,41.615825,-85.481347,0
126100,2020-08-04 02:46:39,4725837176265195730,fraud_Balistreri-Nader,misc_pos,9.5,Elizabeth,Mckee,F,358 Pruitt Square,Jay,FL,32565,30.8985,-87.1332,5719,Higher education careers adviser,1994-11-05,b5721fe7666ec5750336f71a1e9b41a3,1375584399,31.426065,-87.068753,1
122886,2020-08-03 09:28:36,4725837176265195730,fraud_Cole PLC,grocery_pos,343.05,Elizabeth,Mckee,F,358 Pruitt Square,Jay,FL,32565,30.8985,-87.1332,5719,Higher education careers adviser,1994-11-05,59f5b5fe9ed55892f8e989484e306dbc,1375522116,30.80909,-87.4463,1
432526,2020-12-05 01:35:46,4670613943676271,"fraud_Turcotte, McKenzie and Koss",entertainment,1.89,Bianca,Novak,F,0953 David Skyway,Cuthbert,GA,39840,31.7706,-84.7936,5726,Fitness centre manager,1947-08-14,705166427f29da5f302f2108e6b7a9a5,1386207346,31.336482,-85.51634399999999,0
487969,2020-12-16 17:43:48,36078114201167,fraud_Kilback and Sons,entertainment,62.75,Christopher,Horn,M,956 Sanchez Highway,Mallie,KY,41836,37.2692,-82.9161,798,Facilities manager,1926-06-26,e8f032febf389c030a1a0a2cad469705,1387215828,38.160138,-83.009761,0
282836,2020-10-05 03:31:36,30510856607165,fraud_Kuhic Inc,grocery_pos,308.81,Frederick,Robinson,M,1125 Ray Track,Livonia,MI,48154,42.3958,-83.3772,96942,Horticultural consultant,1965-04-01,f1fc9ab1dbf782d6e53ce35515262fd7,1380943896,42.507146,-84.019802,1
224253,2020-09-08 22:03:22,4623560839669,fraud_Corwin-Romaguera,travel,7.74,Vincent,Waller,M,9379 Vanessa Run Apt. 400,Lohrville,IA,51453,42.2619,-94.5566,695,Administrator,1954-07-15,4d8460c6464fed9d9306c4c5ce564ff3,1378677802,42.516721,-95.038079,1
485393,2020-12-15 22:23:07,6011492816282597,fraud_Lubowitz-Walter,kids_pets,22.18,Gary,Barnes,M,2970 Flores Brooks,Smackover,AR,71762,33.3398,-92.7442,2501,Financial adviser,1986-06-11,b3ac952666242217e5667c95b72d9a3a,1387146187,34.300665,-92.419792,1
202489,2020-08-31 13:25:14,30238755902988,fraud_Spencer-Runolfsson,misc_pos,5.64,Danielle,Yu,F,5395 Colon Burgs Suite 037,Thrall,TX,76578,30.592,-97.2893,1766,Press sub,1976-01-02,1d492dcbfc3f194f04d1174fa25fc0d7,1377955514,29.928637,-96.810706,0
183137,2020-08-24 15:02:22,3518669219150142,fraud_Williamson LLC,misc_pos,6.27,Dorothy,Thomas,F,537 Rice Square Suite 040,Milford,OH,45150,39.1657,-84.23299999999999,31394,Hospital doctor,1996-11-12,80d9b591d18cef17a1d0d81f9c406113,1377356542,38.661477000000005,-83.244649,0
123296,2020-08-03 12:27:22,4378993458389626,"fraud_Reinger, Weissnat and Strosin",food_dining,14.59,Travis,Hayes,M,1561 Chase Grove,Conway,NH,3818,43.9742,-71.1503,3807,Surgeon,1999-10-25,24f359cd0775fd2b627a1a84ba5f38b5,1375532842,44.244529,-70.29776899999999,0
391235,2020-11-21 22:55:47,30235268718158,fraud_Friesen Inc,shopping_pos,870.33,Kenneth,Doyle,M,8614 Reed Glen,West Harrison,NY,10604,41.0592,-73.7395,11250,Lexicographer,1977-08-16,28661ad73d68ddd73ab12a684c82d4a4,1385074547,40.649849,-74.30006800000001,1
436487,2020-12-06 01:55:00,3564182536169293,fraud_Corwin-Collins,gas_transport,18.54,Brenda,Johnson,F,56160 Nicholas Isle,Norwich,OH,43767,39.9934,-81.8024,1443,Research scientist (medical),1962-03-04,3bb90271102a1e64250cb6c8bd31543a,1386294900,40.613371,-81.31443,1
13897,2020-06-25 23:48:37,180098888332620,"fraud_Bahringer, Osinski and Block",food_dining,95.52,Dennis,Davidson,M,08469 Trujillo Forge,Springville,NY,14141,42.52,-78.6847,7728,"Scientist, research (maths)",1959-03-30,4c0e38b525e9490d3ca71b7e0c6de539,1372204117,43.143611,-78.708062,1
271814,2020-09-29 18:06:00,4169388510116,fraud_Leannon-Ward,food_dining,87.5,Marcia,Molina,F,6744 Jimmy Extensions,Port Gibson,NY,14537,43.033,-77.1575,207,Database administrator,1962-09-27,6ddf6c5481436a64d52008cbba3b6cd4,1380477960,42.072227000000005,-76.979737,0
26055,2020-06-29 23:28:28,571844099986,fraud_Sawayn PLC,shopping_pos,888.56,Susan,Mills,F,005 Cody Estates,Louisville,KY,40202,38.2507,-85.7476,736284,Engineering geologist,1952-04-02,e3745021f85a57c9d1a71bab8b24a60e,1372548508,38.033283,-85.15483499999999,1
148599,2020-08-11 19:22:27,3533012926413100,fraud_Ernser-Feest,home,113.59,Megan,Bernard,F,128 Nathan Ramp,Barneveld,NY,13304,43.2237,-75.1612,1684,IT trainer,1994-03-01,7308b8426fb3d08c4e203ec4f37beca0,1376248947,43.965444,-75.88540400000001,0
542386,2020-12-28 21:38:13,4642255475285942,fraud_Terry Ltd,home,138.74,Sabrina,Johnson,F,320 Nicholson Orchard,Thompson,UT,84540,38.9999,-109.615,46,"Surveyor, minerals",1987-04-23,962cdf64e8712b8b024ff633172eae3c,1388266693,39.846771,-110.144229,0
194657,2020-08-28 21:24:43,180068353086472,fraud_Pouros-Haag,shopping_pos,1.19,Melissa,Flores,F,7529 Carter Well Suite 262,Huntington Beach,CA,92648,33.6773,-118.0051,190249,"Therapist, horticultural",1976-09-17,67b4859a28141ed97ca2849275ca33bc,1377725083,34.493843,-117.883627,0
81647,2020-07-19 22:00:56,3534330126107879,fraud_Kuphal-Predovic,misc_net,779.4,Jeffrey,Smith,M,713 Scott Pike Apt. 712,Bridger,MT,59014,45.2857,-108.9082,1446,Chartered loss adjuster,1978-01-15,2bcd83706161cc85fb485696159c0b1e,1374271256,46.115585,-108.565385,1
231616,2020-09-12 23:03:32,213161293389774,"fraud_Heathcote, Yost and Kertzmann",shopping_net,1062.27,Catherine,Weber,F,74890 Rodriguez Springs Apt. 540,West Henrietta,NY,14586,43.0397,-77.6871,10256,"Teacher, primary school",1968-06-24,b8065c4ef8666a05158ef8bb373f976f,1379027012,43.102864,-77.87945500000001,1
13420,2020-06-25 19:17:07,377113842678100,fraud_Shanahan-Lehner,personal_care,99.19,Billy,Gallagher,M,673 Delgado Burg,Greenwich,NJ,8323,39.4055,-75.3209,804,Insurance risk surveyor,1965-03-25,9453fafce8d3258f9668fa426a0e63db,1372187827,39.034553,-75.981123,0
378167,2020-11-15 23:35:32,378006354724784,"fraud_Quitzon, Green and Bashirian",shopping_pos,640.43,Christopher,Matthews,M,433 John Heights Apt. 849,Etlan,VA,22719,38.5095,-78.2638,395,Senior tax professional/tax inspector,1982-01-07,1160cfdec0651a00a9023cbd8d74defa,1384558532,39.238315,-77.433677,1
349594,2020-11-03 02:07:07,370818583810103,"fraud_Kovacek, Dibbert and Ondricka",grocery_pos,53.35,John,Davis,M,9670 Monroe Junctions,Rockwood,PA,15557,39.9373,-79.1865,3684,General practice doctor,1976-01-10,dabc2a05a0c309a4a4629982e33b2644,1383444427,40.886937,-78.330425,0
713,2020-06-21 16:15:35,3560318482131952,fraud_Hyatt-Blick,travel,7.09,William,Skinner,M,524 Wu Spurs Suite 894,Mount Hope,AL,35651,34.4793,-87.4769,1312,"Librarian, academic",1955-02-01,e43cae170f54eb6690eaa5d83f289e3e,1371831335,33.997531,-88.15251500000001,0
78764,2020-07-19 01:51:00,2222001896600109,fraud_Ledner-Pfannerstill,gas_transport,62.61,Susan,Hernandez,F,2193 Osborne Run Apt. 789,Moro,IL,62067,38.9318,-89.9618,2401,"Buyer, industrial",1972-01-03,f74a9e9bfd1609c524c3c8984976b821,1374198660,39.398803,-89.750775,0
537760,2020-12-28 04:40:18,213136802746375,fraud_Ledner-Pfannerstill,gas_transport,62.12,Christine,Davis,F,736 Moss Motorway Suite 549,Humboldt,AZ,86329,34.5189,-112.2523,1179,"Civil engineer, contracting",1955-01-20,ff7596aea866ce5e57c7d0e9d2b5659d,1388205618,35.044484000000004,-112.114968,0
325896,2020-10-24 02:05:51,4740713119940984,fraud_Auer-Mosciski,grocery_pos,278.99,Heather,Hines,F,13776 Hicks Plains,Pomona,NY,10970,41.1901,-74.0436,9993,Pensions consultant,1962-10-16,67f1cff660f940067ec41aa166d61e00,1382580351,41.274971,-74.438062,1
58942,2020-07-12 01:18:57,3540075240003197,"fraud_Rowe, Batz and Goodwin",grocery_pos,304.0,Christian,Johns,M,892 Solis Neck,Lonsdale,MN,55046,44.4477,-93.4252,5211,Chief Strategy Officer,1987-01-27,560a6f7ee9a41d83709da45f33da1430,1373591937,44.396592,-92.821073,1
341681,2020-10-30 23:56:14,3534093764340240,fraud_Berge-Hills,kids_pets,18.3,Jeremy,White,M,9443 Cynthia Court Apt. 038,Boulder,MT,59632,46.2306,-112.1138,1939,Patent attorney,1967-01-12,dedc10d18af7fffe0bca424c07cf7200,1383177374,46.415293,-111.670858,0
314459,2020-10-19 00:45:12,4210078554961359092,fraud_Wolf Inc,grocery_pos,170.58,Valerie,Clark,F,7402 West Ranch,Lowell,OR,97452,43.92100000000001,-122.7806,1420,Systems analyst,1965-11-11,9fa03f88dc37baa6859958f313c1e71f,1382143512,42.92688,-122.501633,0
266280,2020-09-27 22:49:20,372965408103277,fraud_Bednar Group,misc_net,933.69,Debbie,Robbins,F,53199 Laurie Mills Apt. 864,Kirtland,NM,87417,36.741,-108.351,6910,TEFL teacher,1956-02-02,935749ba6db1aeb592945e2e64dae531,1380322160,36.680654,-108.804646,1
370835,2020-11-12 12:34:03,30242921189660,fraud_Kuhic LLC,shopping_net,905.67,Dalton,Jones,M,3304 Hernandez Run,Afton,MI,49705,45.3637,-84.4695,937,Technical brewer,1958-04-06,b53ab2be130bb565eb8466d2c8387acc,1384259643,44.673034,-83.79041099999999,1
158285,2020-08-16 03:47:15,4634955908138648,fraud_Torp-Labadie,gas_transport,12.78,Mackenzie,Smith,F,7178 Willis Drive,Hooper,NE,68031,41.6414,-96.5232,1745,"Engineer, automotive",1973-12-26,fe0d88f7c8b97f52d874f7256dd085ea,1376624835,41.222315,-96.6971,1
57809,2020-07-11 15:29:01,213175487106448,fraud_Hills-Boyer,personal_care,33.36,Diane,Jackson,F,682 Mills Way Apt. 814,Rule,TX,79548,33.0771,-99.959,932,"Physicist, medical",1954-12-10,177cac3457f584675b04ef53655117a5,1373556541,32.890248,-100.2678,0
500094,2020-12-20 01:29:19,6524376634971418,fraud_Bins-Tillman,entertainment,49.6,Jasmine,Foster,F,954 White Alley Apt. 251,Phil Campbell,AL,35581,34.347,-87.7154,5778,"Engineer, aeronautical",1952-12-05,225aeffc6ef73757af31ce1587d9c11d,1387502959,35.103572,-87.793172,0
467238,2020-12-12 19:13:37,4607072969078276,"fraud_Kihn, Brakus and Goyette",personal_care,21.71,Brenda,Perez,F,033 Tara Brook Suite 523,Coyle,OK,73027,35.8985,-97.2607,1493,Amenity horticulturist,1985-03-21,1d0ceeca17bbfa0dc5f4a6652440a39e,1386875617,36.260217,-97.095572,1
144024,2020-08-10 16:15:35,30238755902988,fraud_Collier LLC,home,229.83,Danielle,Yu,F,5395 Colon Burgs Suite 037,Thrall,TX,76578,30.592,-97.2893,1766,Press sub,1976-01-02,0032501057a8306fb8189d8c8cd6276b,1376151335,29.996709000000003,-98.195081,1
25921,2020-06-29 22:43:27,3528231451607350,fraud_Lockman Ltd,grocery_pos,320.36,Lauren,Moreno,F,83719 Wilson Shore,Heislerville,NJ,8324,39.224,-74.9942,526,Exercise physiologist,1940-09-06,3f34d846a251a3e8231c6a1a107c514d,1372545807,40.013038,-74.902923,1
387443,2020-11-19 21:29:11,6538441737335434,"fraud_Greenfelder, Bartoletti and Davis",misc_net,826.89,Gina,Grimes,F,444 Robert Mews,Clarks Mills,PA,16114,41.3851,-80.1752,606,Energy manager,1997-09-22,ee5900b043f40d0188f371fc5f0b6908,1384896551,41.409237,-81.072455,1
147155,2020-08-11 11:26:24,4104312520615374,"fraud_Kutch, Hermiston and Farrell",gas_transport,82.34,Brooke,Rodriguez,F,901 Todd Gardens Apt. 466,Mountain Center,CA,92561,33.6401,-116.5567,1661,"Therapist, music",1988-09-19,27080936d5c809e090d17ee18e5f08c8,1376220384,33.582284,-116.497458,0
244569,2020-09-18 08:56:02,502012776709,fraud_Cole PLC,grocery_pos,139.52,Sherry,Martinez,F,144 Yu Locks Apt. 754,Garrattsville,NY,13342,42.6315,-75.1866,165,Naval architect,1945-09-20,fdc64ec05812eec4c39a87c742acda12,1379494562,42.530491,-74.873591,0
295728,2020-10-11 00:36:47,5104807169438134,fraud_Barton Inc,grocery_pos,205.86,Regina,Johnston,F,641 Steven Mall Apt. 299,Westhampton Beach,NY,11978,40.8295,-72.6473,3255,Financial trader,1978-07-08,f55cfdabf6b0622dc0262b827e1d1ea8,1381451807,41.605284000000005,-72.925974,0
301881,2020-10-13 03:07:06,4129767952109660,fraud_Flatley Group,misc_pos,751.63,Cheryl,Ballard,F,248 James Squares Apt. 838,Halstad,MN,56548,47.3551,-96.798,771,"Scientist, audiological",1972-06-14,69fd58dc601de4598d514848395463b9,1381633626,46.961592,-97.504919,1
403549,2020-11-27 03:24:13,5410056176712193,"fraud_Heller, Gutmann and Zieme",grocery_pos,284.31,Jeffrey,Krause,M,4742 Alexandria Mountain,New Franken,WI,54229,44.5592,-87.8235,4306,Art therapist,1989-10-19,10445412dee774dae461af02e040612c,1385522653,43.620158,-87.463476,1
38903,2020-07-05 02:44:58,4989847570577635369,fraud_Will Ltd,food_dining,136.93,Vanessa,Anderson,F,21178 Brittney Locks,Prosperity,SC,29127,34.1832,-81.5324,8333,Archaeologist,1994-07-09,05668abc68d0c0f435bf53247eb44d99,1372992298,35.143215000000005,-82.367929,1
205046,2020-09-01 02:57:28,6538891242532018,fraud_Ledner-Pfannerstill,gas_transport,47.36,Jodi,Rodriguez,F,5796 Lee Coves Apt. 286,Walnut Ridge,AR,72476,36.0244,-90.9288,7155,"Engineer, control and instrumentation",1977-03-23,8a5791177bc13b7bca5e6c7b6ef40496,1378004248,36.425929,-91.503666,0
336518,2020-10-27 23:23:56,676281772837,fraud_Volkman-Predovic,shopping_net,882.81,Alicia,Bishop,F,222 Freeman Islands,Whigham,GA,39897,30.8836,-84.3246,3430,"Editor, commissioning",1950-03-25,9d58144dd768e67ba70a0ca0086f39a0,1382916236,30.716668,-83.632871,1
330173,2020-10-25 23:24:18,4599285557366057,fraud_Dach-Nader,misc_net,898.03,Mary,Williams,F,00315 Ashley Valleys,Burrton,KS,67020,38.0261,-97.6666,1689,Gaffer,1997-11-18,228178b744198c545a50eb7719717afd,1382743458,37.415051,-96.860998,1
172932,2020-08-20 23:06:47,4716561796955522,fraud_Lynch-Mohr,travel,6.4,Lauren,Anderson,F,11014 Chad Lake Apt. 573,Heart Butte,MT,59448,48.2777,-112.8456,743,Water engineer,1972-05-04,10d53e311272dc1601a0294cedab14f2,1377040007,48.406556,-112.806841,0
82387,2020-07-20 03:05:18,375534208663984,fraud_Rutherford-Mertz,grocery_pos,302.77,Tyler,Garcia,M,408 Bradley Rest,Doe Hill,VA,24433,38.4207,-79.4629,99,Dance movement psychotherapist,1986-03-28,513024545e4bdd5e21a7f3baa7a9979b,1374289518,39.208633,-79.91475,1
346223,2020-11-01 23:45:08,4087542780207162,fraud_Rau-Robel,kids_pets,23.56,Nicole,Dominguez,F,537 Brian Island,Guthrie,OK,73044,35.833,-97.436,20226,Retail manager,1969-11-08,3ea4b398c6063d238001af3849f06a20,1383349508,36.316656,-97.018802,1
133756,2020-08-07 03:30:23,30199621383748,fraud_Hickle Group,shopping_pos,850.9,Theresa,Powell,F,117 Natasha Vista Suite 936,Leonard,TX,75452,33.4044,-96.2238,4090,Sub,1977-03-23,b3b6db54a038f4d98ed369c88051774b,1375846223,34.346047,-96.202708,1
264620,2020-09-27 10:07:00,4006047418382,"fraud_Streich, Hansen and Veum",gas_transport,47.14,Robert,Sanchez,M,7314 Johnson Square Apt. 296,Parkers Lake,KY,42634,36.8347,-84.4436,1565,"Designer, industrial/product",1968-07-24,502b8977441ce7d74118118940fa227b,1380276420,36.502153,-85.08574,0
473624,2020-12-14 00:55:24,3500165543009955,fraud_Kling Inc,gas_transport,78.85,Ricky,Dunn,M,97689 Davis Point Apt. 967,Detroit,MI,48214,42.3669,-82.9938,673342,Health visitor,1983-09-02,06537af4498cce25a468f1e01fece419,1386982524,41.828140000000005,-82.955579,0
505085,2020-12-20 23:16:37,4716561796955522,fraud_Emmerich-Rau,personal_care,19.27,Lauren,Anderson,F,11014 Chad Lake Apt. 573,Heart Butte,MT,59448,48.2777,-112.8456,743,Water engineer,1972-05-04,6c8614ea571c5b5c870fc23047412d1c,1387581397,48.391178,-111.997173,1
245312,2020-09-18 17:28:07,374125201044065,fraud_Dickinson Ltd,personal_care,1.28,Christopher,Gilbert,M,20937 Reed Lakes Apt. 271,Washington,DC,20012,38.9757,-77.0282,601723,"Optician, dispensing",1970-07-20,645d47fbb345756a92c1a0b84db9df02,1379525287,38.694246,-76.34813,0
435862,2020-12-05 22:39:29,4292743669224718067,"fraud_Reichert, Shanahan and Hayes",shopping_net,1086.32,Michael,Williams,M,35822 Clayton Street Apt. 679,Great Mills,MD,20634,38.2674,-76.4954,5927,Art therapist,1973-06-09,7dd2cce435d48a28cb0172a950440084,1386283169,39.031834,-76.322416,1
125628,2020-08-03 23:29:38,4725837176265195730,"fraud_Lowe, Dietrich and Erdman",kids_pets,19.33,Elizabeth,Mckee,F,358 Pruitt Square,Jay,FL,32565,30.8985,-87.1332,5719,Higher education careers adviser,1994-11-05,38d75a05c44f644cd54b1a46771caeeb,1375572578,30.279472,-86.200294,1
63287,2020-07-13 08:00:06,565399283797,"fraud_Altenwerth, Cartwright and Koss",shopping_net,91.56,Anthony,Allen,M,6993 Carr Lodge Apt. 311,Jordan Valley,OR,97910,42.8801,-117.281,641,Economist,1993-11-24,18558662676c0534edeeac8023d539d5,1373702406,42.654179,-118.137075,0
228388,2020-09-11 08:09:28,4092452671396169678,fraud_Kuphal-Predovic,misc_net,224.83,Jeffrey,Vargas,M,478 Alexandria Mount,Bolton,NC,28423,34.3091,-78.3372,2290,"Engineer, biomedical",1945-12-07,815da26cac4a08b4ae01677d287dba02,1378886968,33.706787,-77.751989,0
448229,2020-12-08 01:01:33,30092964733035,fraud_Barton Inc,grocery_pos,335.48,Jessica,Terry,F,6412 Elizabeth Gardens Suite 633,Maysville,KY,41056,38.6207,-83.8067,14228,Advertising account executive,1971-03-26,bf8359ea4ab9b663ed603bb5e0f60787,1386464493,37.939024,-84.19396400000001,1
493396,2020-12-18 08:19:59,374930071163758,"fraud_Rowe, Batz and Goodwin",grocery_pos,74.36,Daniel,Escobar,M,61390 Hayes Port,Romulus,MI,48174,42.2203,-83.3583,31515,Police officer,1971-11-05,958ecb5ea484cb3c3a41724b3168b8c6,1387354799,42.737777,-83.070531,0
346030,2020-11-01 22:20:54,4087542780207162,fraud_Auer-West,shopping_net,1034.69,Nicole,Dominguez,F,537 Brian Island,Guthrie,OK,73044,35.833,-97.436,20226,Retail manager,1969-11-08,4bb5ede5d664861664e5df7f973730b0,1383344454,35.837809,-97.256968,1
261676,2020-09-25 22:28:54,4646845581490336108,fraud_Baumbach Ltd,personal_care,22.44,Julia,Bell,F,576 House Crossroad,West Sayville,NY,11796,40.732,-73.1,4056,Film/video editor,1990-06-25,89726f000093551cff527e377e713c4a,1380148134,41.422884,-73.466718,1
207760,2020-09-01 20:08:42,676298633337,fraud_Volkman Ltd,misc_net,2.93,Jessica,Werner,F,4529 Cannon Alley,Center Point,WV,26339,39.4125,-80.6352,255,Chief Executive Officer,1971-12-10,619fb1a81a8e4c2154325e07d83dcfec,1378066122,38.451957,-80.035495,0
106092,2020-07-28 01:40:05,4671727014157745,"fraud_Streich, Hansen and Veum",gas_transport,20.09,Kenneth,Edwards,M,3653 Ryan Crossroad,Andrews,IN,46702,40.8618,-85.6067,2304,Retail banker,1955-07-25,92bdc319b353fd157593fb2d262c04d4,1374975605,40.161153000000006,-85.833203,1
469262,2020-12-13 06:52:13,3501509250702469,fraud_Bailey-Morar,grocery_pos,67.34,Frank,Anderson,M,0611 Stafford Valley Suite 504,Naples,FL,34112,26.1184,-81.7361,276002,"Programme researcher, broadcasting/film/video",1979-01-02,c67f25bd946cbeca6e13cf405cab4d5a,1386917533,25.462114,-80.899649,0
381537,2020-11-17 01:05:59,4651007077623147,fraud_Kris-Padberg,shopping_pos,11.46,Andrea,Lewis,F,43075 Cohen Shoals,Ashford,WA,98304,46.7531,-121.9898,759,Video editor,1956-09-14,ad959562089fa4adcc08c915f7065134,1384650359,46.579429,-121.796734,0
391291,2020-11-21 23:37:19,3582402971899057,fraud_Johnston-Casper,travel,10.0,Michele,Patrick,F,557 Lynn Garden Suite 907,Spirit Lake,ID,83869,47.9657,-116.868,4161,Production manager,1957-06-12,68ca217e66cb8aa81fe6707f8ec2cdfb,1385077039,47.538401,-116.523594,1
136780,2020-08-08 12:09:09,3583293909206278,fraud_Kautzer and Sons,personal_care,43.46,Deborah,Fisher,F,1911 Fisher Brook,Kirtland Afb,NM,87117,35.0203,-106.5503,310,"Surveyor, land/geomatics",1978-09-30,b37658e5018eb1aa41a76737a3247ea7,1375963749,35.541773,-107.172643,0
485836,2020-12-15 23:50:58,2288748891690227,fraud_Dare-Gibson,health_fitness,3.49,Kathleen,Heath,F,9297 Victor Rest Apt. 382,Albuquerque,NM,87116,35.0561,-106.5506,641349,Charity officer,1967-01-24,599734e908ce592becd4572ff20ff3a3,1387151458,35.336915999999995,-105.989898,0
237983,2020-09-15 02:03:01,180031190491743,"fraud_Swaniawski, Bahringer and Ledner",grocery_net,52.39,Becky,Mckinney,F,250 Benjamin Hill Apt. 026,Mobile,AL,36617,30.7145,-88.0918,270712,"Surveyor, land/geomatics",1972-01-05,0736670293a2a85891268b7e0190cff3,1379210581,29.874572,-87.269037,0
12525,2020-06-25 09:36:26,341283058448499,fraud_Goodwin-Nitzsche,grocery_pos,114.86,Mario,Johns,M,62130 Miller Square Suite 785,Brinson,GA,39825,30.9788,-84.7373,1461,"Engineer, broadcasting (operations)",1935-09-08,13a2545fae40cd95434804323ea28207,1372152986,30.01117,-84.664886,0
307854,2020-10-15 23:39:41,3501942333500073,"fraud_Greenholt, O'Hara and Balistreri",shopping_net,802.42,Lori,Bishop,F,08056 Alvarado Club Suite 699,Phoenix,AZ,85086,33.8155,-112.1202,1312922,Counselling psychologist,1999-11-30,954653c5be2a0f09f1b48579f709cc9a,1381880381,33.019659000000004,-113.034338,1
41925,2020-07-05 23:27:39,4989847570577635369,fraud_Carroll PLC,health_fitness,17.0,Vanessa,Anderson,F,21178 Brittney Locks,Prosperity,SC,29127,34.1832,-81.5324,8333,Archaeologist,1994-07-09,9cbc161aca3c14fba16fa41385d09cc1,1373066859,34.201798,-80.781869,1
158604,2020-08-16 06:23:20,30491348102802,fraud_Barrows PLC,shopping_pos,5.92,Tommy,Dixon,M,8829 Steele Station,Dresden,KS,67635,39.6094,-100.4112,169,"Librarian, public",1953-07-30,a56b3e158134c8c26c916c219100025b,1376634200,39.587599,-100.644623,0
376447,2020-11-15 10:34:34,4745996322265,fraud_Cummings LLC,gas_transport,39.55,Carrie,Washington,F,6114 Adams Harbor Suite 096,Kingsford Heights,IN,46346,41.4802,-86.6919,1423,"Psychologist, forensic",1998-10-07,5114e63e4ab8989fb97e8aff5ae76c7f,1384511674,42.111078000000006,-86.815621,0
401765,2020-11-26 01:59:43,3587044315915002,"fraud_Harris, Gusikowski and Heaney",grocery_net,11.07,Christian,Roman,M,495 Fisher Throughway,Grand Junction,TN,38039,35.0659,-89.1534,1804,Clothing/textile technologist,1974-10-15,97f711b64e3de1e4d419362f810d8ff9,1385431183,35.154331,-90.058635,1
441001,2020-12-06 22:14:02,3564182536169293,fraud_Friesen Inc,shopping_pos,893.8,Brenda,Johnson,F,56160 Nicholas Isle,Norwich,OH,43767,39.9934,-81.8024,1443,Research scientist (medical),1962-03-04,4f7f267d0c361ecccb2767ba33385a38,1386368042,39.620091,-81.914436,1
387490,2020-11-19 22:00:06,4710792708725663,"fraud_Roob, Conn and Tremblay",shopping_pos,743.45,Justin,Bell,M,954 Green Wall,Churubusco,IN,46723,41.229,-85.3244,7692,"Research officer, trade union",1986-12-13,2d93780ef31f14e834b558ddfb9e73b5,1384898406,40.366438,-86.213952,1
550520,2020-12-30 11:58:09,4890424426862856940,fraud_Wiegand-Lowe,grocery_net,63.58,Jeremy,Whitney,M,0371 Aimee Neck Suite 856,Sacramento,CA,95827,38.5662,-121.3286,757530,Magazine features editor,1979-04-30,46e2605abc12704dd02e48fe074e9528,1388404689,38.136885,-122.229515,0
308119,2020-10-16 03:55:49,4306586894261180,fraud_Doyle Ltd,grocery_pos,292.42,Renee,Walls,F,86542 Jessica Fords Apt. 706,Veedersburg,IN,47987,40.1186,-87.2602,4049,"Development worker, community",1959-10-19,75f1fb9864a17b2213f57fb9ef312b31,1381895749,40.930538,-86.912325,1
67553,2020-07-14 11:05:32,4613314721966,"fraud_Ruecker, Beer and Collier",shopping_net,96.07,Jason,Murphy,M,542 Steve Curve Suite 011,Collettsville,NC,28611,35.9946,-81.7266,885,Soil scientist,1988-09-15,91bcbfcbb8979b825e78206c804b69e4,1373799932,36.963251,-80.738704,0
149745,2020-08-12 03:38:16,374497717543058,fraud_Doyle Ltd,grocery_pos,303.46,Linda,Hurst,F,31701 Tucker Square Suite 893,Wilton,ND,58579,47.1709,-100.7944,1190,"Designer, ceramics/pottery",1948-06-30,4447012d1397483bfbba383d33960654,1376278696,46.512985,-100.045716,1
290102,2020-10-07 22:26:49,344342339068828,fraud_Nader-Heller,misc_net,650.68,Ruth,Fuller,F,37732 Joe Courts Apt. 752,Darien,GA,31305,31.3826,-81.4312,5989,Tax adviser,1967-05-05,b544308c3c9888e5ee0bca70045e93ef,1381184809,31.781767,-81.753613,1
449734,2020-12-08 08:39:31,4378993458389626,"fraud_Adams, Kovacek and Kuhlman",grocery_net,74.85,Travis,Hayes,M,1561 Chase Grove,Conway,NH,3818,43.9742,-71.1503,3807,Surgeon,1999-10-25,dcdb53cc1e47603bae35d1e16f5833f6,1386491971,42.992192,-70.650277,0
514235,2020-12-22 12:23:21,4640395708703,fraud_Bins-Howell,personal_care,60.2,Melissa,Krause,F,67632 Martin Gateway,Fordoche,LA,70732,30.6576,-91.6264,1178,Community education officer,1951-06-13,e492b5dd9fb02155eefc12a7fb31d099,1387715001,31.42848,-92.615275,0
391237,2020-11-21 22:56:49,4806443445305,fraud_Reilly LLC,home,15.96,Eric,Patel,M,69459 Rachel Prairie Apt. 850,Ironton,OH,45638,38.5294,-82.6654,21635,Geochemist,2001-07-10,9332a088d1f71a84f52239fd689dceb1,1385074609,37.595347,-82.133667,0
174773,2020-08-21 18:40:20,375974680629816,fraud_Renner Ltd,home,269.53,Roberta,Mccarthy,F,94431 Matthew Mall Suite 296,Plymouth,CT,6782,41.6611,-73.0449,2376,Herpetologist,1973-04-06,d315a7b702261526500cff4f7589fe4c,1377110420,42.278074,-73.657306,1
188361,2020-08-25 21:59:23,38057513087029,"fraud_Schumm, McLaughlin and Carter",food_dining,1.19,Marissa,Clark,F,2677 Byrd Village Suite 035,San Jose,CA,95148,37.3304,-121.7913,973849,Geoscientist,1997-01-18,1109360e16236a84b91e5c7d8bf1db1d,1377467963,37.568663,-122.306422,0
17739,2020-06-27 16:30:02,30030380240193,fraud_Cummerata-Hilpert,entertainment,71.0,William,Jenkins,M,50614 Kevin Point,Harper,TX,78631,30.2816,-99.241,2395,"Pharmacist, community",1993-11-17,2ac80c84aa71b9f1ba4d3e6d8ca66d1b,1372350602,31.083626,-100.042117,0
405115,2020-11-27 23:34:59,676275912597,fraud_Gerlach Inc,shopping_net,957.9,Edward,Hensley,M,24318 Dixon Mills,Elk Rapids,MI,49629,44.8955,-85.4082,2223,Chief Financial Officer,1986-01-18,07b18357966795a9b071d9ff599b7705,1385595299,45.451729,-85.966786,1
453617,2020-12-08 22:16:31,30092964733035,fraud_Nolan-Williamson,kids_pets,19.44,Jessica,Terry,F,6412 Elizabeth Gardens Suite 633,Maysville,KY,41056,38.6207,-83.8067,14228,Advertising account executive,1971-03-26,0c986e49573a2598053e289d8104ceb7,1386540991,37.829721,-83.78246700000001,1
151122,2020-08-12 21:24:02,4599285557366057,fraud_Dickinson Ltd,personal_care,68.61,Mary,Williams,F,00315 Ashley Valleys,Burrton,KS,67020,38.0261,-97.6666,1689,Gaffer,1997-11-18,72198279b0d4545aca8d2767cdbcb5be,1376342642,37.673456,-97.804227,0
261997,2020-09-26 03:03:17,6593939509150446,fraud_Kris-Padberg,shopping_pos,777.41,Margaret,Ward,F,244 Jeffery Rapids,Azusa,CA,91702,34.1248,-117.9031,59705,Civil Service fast streamer,1983-06-23,26f45f4e06f5f8ebbc82ec6be845f7e3,1380164597,34.660323,-118.762018,1
520190,2020-12-23 20:05:21,30197398657930,fraud_Eichmann-Kilback,home,56.38,April,Johnson,F,9727 Deleon Mountain,Creedmoor,NC,27522,36.1124,-78.6476,12335,Chief Strategy Officer,1987-09-19,eca77f255fe5661ed0671c26fa26f463,1387829121,35.746179,-79.315449,0
5757,2020-06-22 22:20:13,3524574586339330,fraud_Shanahan-Lehner,personal_care,21.92,Ashley,Cabrera,F,94225 Smith Springs Apt. 617,Vero Beach,FL,32960,27.633000000000003,-80.4031,105638,"Librarian, public",1986-05-07,a965da9bc7daef7f526ce640d5c090ae,1371939613,27.339943,-81.199244,1
258431,2020-09-24 03:17:31,676369110710,"fraud_Rippin, Kub and Mann",misc_net,726.23,David,Wolfe,M,81261 Garcia Underpass Suite 741,Southfield,MI,48034,42.4969,-83.2911,75830,"Engineer, automotive",1974-12-28,3af958498705961fe7e0c3f4c6ce883f,1379992651,41.504416,-83.294529,1
111809,2020-07-30 03:31:58,180072527505094,"fraud_Parker, Nolan and Trantow",entertainment,145.57,Cody,Miller,M,25748 John Wells,Mooresville,NC,28117,35.584,-80.8685,69793,Control and instrumentation engineer,1953-12-08,99cc2fcb2faad02914922d4cfe611707,1375155118,35.802479,-80.020286,0
336070,2020-10-27 20:29:57,573283817795,fraud_Goyette Inc,shopping_net,939.95,Amy,Flynn,F,46095 Tara Fords,Jaffrey,NH,3452,42.8178,-72.0275,5457,"Surveyor, hydrographic",1950-04-17,34fe2b80f76aca88e3a890f3e5799cf0,1382905797,43.768763,-71.448365,1
195573,2020-08-29 08:29:41,4471568287204,fraud_O'Keefe-Wisoky,food_dining,65.44,Dakota,Maldonado,M,369 Cochran Radial,Pelham,NC,27311,36.4899,-79.4736,3402,Insurance underwriter,1927-10-24,6fcaff2e186762facc887b42ec6280be,1377764981,36.87708,-80.229744,0
255464,2020-09-22 15:36:48,2720433095629877,fraud_Beier LLC,entertainment,4.85,Mark,Wood,M,854 Walker Dale Suite 488,Bowdoin,ME,4287,44.0575,-69.9656,3224,"Engineer, electronics",1997-08-22,f4dad0bf1cd8a0e0b4f21bcadcbc8e5d,1379864208,43.649997,-70.77104,0
215405,2020-09-05 22:31:51,2712209726293386,fraud_Leffler-Goldner,personal_care,20.77,Jenna,Brooks,F,50872 Alex Plain Suite 088,Baton Rouge,LA,70808,30.4066,-91.1468,378909,"Designer, furniture",1977-02-22,957cef1a8b319c57ced6a90bc632d437,1378420311,29.666123,-90.172775,1
166674,2020-08-18 12:09:47,3566875419572867,fraud_Lind-Buckridge,entertainment,94.11,Adam,Mcdonald,M,997 Cameron Meadow Apt. 980,South Hero,VT,5486,44.64,-73.3113,1654,Transport planner,1991-01-31,620a622be03f3c16471f7c2c8c125298,1376827787,44.470082,-74.087289,0
473720,2020-12-14 01:23:44,6011492816282597,fraud_Koepp-Witting,grocery_pos,304.93,Gary,Barnes,M,2970 Flores Brooks,Smackover,AR,71762,33.3398,-92.7442,2501,Financial adviser,1986-06-11,ff5905c7ff04b90358ab2b3fabd4ba5a,1386984224,32.769656,-93.415834,1
102869,2020-07-27 07:27:37,378278619832195,"fraud_Lakin, Ferry and Beatty",food_dining,199.2,Mary,Mcintyre,F,77921 Costa Villages,Eugene,OR,97403,44.0385,-123.0614,191096,"Scientist, physiological",1964-04-06,33dc4a558ffd535b8334cda2314d75bb,1374910057,44.257525,-122.138164,0
311805,2020-10-18 01:47:06,378858024506425,fraud_Cole PLC,grocery_pos,285.48,Debra,Eaton,F,72743 Brian Run,Paradise Valley,AZ,85253,33.5494,-111.9565,17047,Building surveyor,1935-01-29,dac1797e7ac5999ee764796361bc89d4,1382060826,33.662636,-112.920904,1
304487,2020-10-13 23:05:26,3517527805128735,"fraud_Bins, Balistreri and Beatty",shopping_pos,4.57,Tracy,Conway,F,6778 Campos Field,Bonfield,IL,60913,41.1573,-88.0619,1617,Medical secretary,1990-04-25,344e27294e7eb4a2a6a78dd6d6cb235d,1381705526,40.870116,-87.569992,0
1784,2020-06-21 22:38:55,4005676619255478,"fraud_Heathcote, Yost and Kertzmann",shopping_net,1077.69,William,Perry,M,458 Phillips Island Apt. 768,Denham Springs,LA,70726,30.459,-90.9027,71335,Herbalist,1994-05-31,fe956c7e4a253c437c18918bf96f7b62,1371854335,31.204974,-90.261595,1
422759,2020-12-02 03:46:31,377834944388609,"fraud_Kovacek, Dibbert and Ondricka",grocery_pos,324.22,Michael,Jackson,M,539 Underwood Divide,Pea Ridge,AR,72751,36.4539,-94.118,6434,Product designer,1967-08-28,76d2136f4ad5089b78d424faead62673,1385955991,36.67066,-94.352258,1
373617,2020-11-13 23:06:51,30487648872433,fraud_Kris-Weimann,misc_net,876.63,Stephanie,Crane,F,144 Martinez Curve,Central,IN,47110,38.097,-86.1723,350,Counsellor,1955-01-05,cf2e5f906d97daacf82e51b7dc8b0d34,1384384011,37.144762,-85.256488,1
314232,2020-10-18 22:58:52,378904938837132,"fraud_McDermott, Osinski and Morar",home,254.95,Tina,Zimmerman,F,3595 Susan Island Suite 063,Thomas,OK,73669,35.7382,-98.7388,1675,Barrister,1986-05-01,e972c885250fa2b4936404ba55b764df,1382137132,36.693012,-98.175199,1
387910,2020-11-20 03:57:59,30235268718158,fraud_Bradtke PLC,grocery_pos,290.52,Kenneth,Doyle,M,8614 Reed Glen,West Harrison,NY,10604,41.0592,-73.7395,11250,Lexicographer,1977-08-16,f5e2d88f78f128e1f541ff95c06982d5,1384919879,40.406648,-73.400131,1
26567,2020-06-30 02:59:45,3586008444788268,fraud_Kiehn Inc,grocery_pos,348.48,Crystal,Fuller,F,000 Jennifer Mills,Issaquah,WA,98027,47.4974,-122.0107,50489,Osteopath,1984-02-29,27dd61f3be37825fa5738d4d2e3693f3,1372561185,47.635992,-122.36239,1
53893,2020-07-09 22:30:55,503851367360,fraud_Pouros-Haag,shopping_pos,999.59,Bruce,Hall,M,77686 Donald Bridge Apt. 711,Grifton,NC,28530,35.3757,-77.4193,7332,Forensic psychologist,1957-06-27,4ac3fc4f6030397f6e721c9bace314bb,1373409055,34.802368,-76.57119300000001,1
256631,2020-09-22 23:14:35,4170689372027579,"fraud_Hayes, Marquardt and Dibbert",misc_net,828.4,Samuel,Frey,M,830 Myers Plaza Apt. 384,Edmond,OK,73034,35.6665,-97.4798,116001,Media buyer,1993-05-10,8426fbdee0b7c8dd0d4f351ff46e17c0,1379891675,36.138233,-96.798634,1
519817,2020-12-23 17:25:04,213161293389774,fraud_Daugherty LLC,kids_pets,49.94,Catherine,Weber,F,74890 Rodriguez Springs Apt. 540,West Henrietta,NY,14586,43.0397,-77.6871,10256,"Teacher, primary school",1968-06-24,0ce5dabbb96e992f3f3b8335fe812d44,1387819504,42.809309000000006,-78.01649,0
354434,2020-11-05 06:54:26,213161293389774,"fraud_Runolfsdottir, Mueller and Hand",entertainment,21.89,Catherine,Weber,F,74890 Rodriguez Springs Apt. 540,West Henrietta,NY,14586,43.0397,-77.6871,10256,"Teacher, primary school",1968-06-24,f5a07c2537cc23b1ce58d391f731325c,1383634466,43.674352,-77.23845,0
54739,2020-07-10 08:51:57,2231186809828225,fraud_Stiedemann Ltd,food_dining,60.42,Katherine,Pennington,F,73869 Connie Prairie,Vienna,GA,31092,32.0913,-83.7922,7420,Phytotherapist,1957-01-15,aad12209dc9bee67c0f8fd63cdf4f1ab,1373446317,32.851681,-83.829171,0
134314,2020-08-07 11:01:41,3514897282719543,fraud_Emard Inc,gas_transport,74.45,Steven,Faulkner,M,841 Cheryl Centers Suite 115,Farmington,NY,14425,42.958,-77.3083,10717,Cytogeneticist,1952-10-13,e39b2fd1c46f3c2a9f186d70af6ef1ea,1375873301,42.388463,-78.159811,0
66096,2020-07-13 23:45:32,3540075240003197,fraud_Botsford Ltd,shopping_pos,626.99,Christian,Johns,M,892 Solis Neck,Lonsdale,MN,55046,44.4477,-93.4252,5211,Chief Strategy Officer,1987-01-27,9512f801decd4c2f83c71902a897f318,1373759132,45.228947,-94.31939,1
322372,2020-10-22 03:47:01,4481131401752,fraud_Padberg-Welch,grocery_pos,317.37,Frank,Foster,M,37910 Ward Lights,Shrewsbury,MA,1545,42.2848,-71.7205,35299,English as a second language teacher,1975-04-30,8af53602e3e45447cc055caa3477c872,1382413621,41.294209,-71.15879100000001,1
311672,2020-10-18 00:00:30,2297447006766555,fraud_McGlynn-Heathcote,misc_net,36.71,Laura,Walker,F,611 Michael Rue,Cisco,IL,61830,39.9972,-88.6962,478,Landscape architect,1960-01-13,9282d0e031de7b316af927766fdb2dd6,1382054430,40.924732,-89.3305,0
231035,2020-09-12 16:30:33,213153151785052,fraud_Heathcote LLC,shopping_net,6.65,Rebecca,Conley,F,181 Moreno Light Apt. 215,Tomahawk,WI,54487,45.4963,-89.7273,9594,Seismic interpreter,1997-11-23,df03d21ef9226df3da6d16c5eeda3263,1379003433,45.146394,-88.744998,0
282286,2020-10-04 22:45:15,347399333635231,"fraud_Parisian, Schiller and Altenwerth",misc_net,790.28,Stephanie,Allen,F,13128 Hall Station Suite 588,Seligman,MO,65745,36.5276,-93.9359,2693,"Engineer, biomedical",1968-02-05,caa18a7944c2eeccab7f2853e5245035,1380926715,36.73723,-93.960864,1
76775,2020-07-18 07:00:22,5596347693144598,"fraud_Bahringer, Schoen and Corkery",shopping_pos,10.02,Joseph,Moody,M,5901 Foster Pine,Kenner,LA,70062,29.9912,-90.2479,68211,"Engineer, petroleum",1941-04-23,a278cf2aa161ebce68076d78aa9916c0,1374130822,30.555171,-90.204791,0
364120,2020-11-09 16:02:39,372509258176510,fraud_Kihn Inc,shopping_pos,4.27,Kristen,Hanson,F,26544 Andrea Glen,Goodrich,MI,48438,42.9147,-83.4845,6951,Learning disability nurse,1985-06-18,4a1e7a5b38b14743de61d821c1c8159f,1384012959,43.246271,-84.078889,0
173588,2020-08-21 07:01:58,4755696071492,"fraud_Rippin, Kub and Mann",misc_net,6.43,Robert,Evans,M,01892 Patricia Vista Apt. 828,Sachse,TX,75048,32.9643,-96.6012,20328,Site engineer,1985-06-20,cb51f2ba3635f7feaad810f992ae803f,1377068518,32.383821000000005,-96.385422,0
401705,2020-11-26 00:35:38,5410056176712193,"fraud_Rowe, Batz and Goodwin",grocery_pos,270.75,Jeffrey,Krause,M,4742 Alexandria Mountain,New Franken,WI,54229,44.5592,-87.8235,4306,Art therapist,1989-10-19,097801fcc296dbc99f064fe0964c1f22,1385426138,44.293648,-88.381055,1
172989,2020-08-20 23:27:49,375974680629816,"fraud_Hills, Hegmann and Schaefer",health_fitness,22.43,Roberta,Mccarthy,F,94431 Matthew Mall Suite 296,Plymouth,CT,6782,41.6611,-73.0449,2376,Herpetologist,1973-04-06,fbe3643e1cb28a6791ad36ce602009c3,1377041269,41.374934,-72.514395,1
387085,2020-11-19 16:53:33,345933964507467,fraud_Little Ltd,kids_pets,17.72,Carol,Dillon,F,27479 Reeves Dale,Whaleyville,MD,21872,38.4121,-75.2811,718,Regulatory affairs officer,1985-03-19,7c01b91182790af679b64638585d1b3d,1384880013,38.504719,-74.558063,0
175563,2020-08-22 02:22:24,4710826438164847414,fraud_Torphy-Goyette,shopping_pos,127.49,Juan,Henry,M,9795 Lori Island Suite 346,Turner,MT,59542,48.8328,-108.3961,192,Further education lecturer,1964-01-04,7ac2532e5127439a8b296f506dbbed39,1377138144,49.790186,-108.018785,0
330022,2020-10-25 22:23:29,4599285557366057,"fraud_Hoppe, Harris and Bednar",entertainment,386.54,Mary,Williams,F,00315 Ashley Valleys,Burrton,KS,67020,38.0261,-97.6666,1689,Gaffer,1997-11-18,115a0816f262c5b0466229deada5004a,1382739809,37.042183,-97.994084,1
220889,2020-09-07 20:18:42,370612217861404,fraud_Kuhic LLC,shopping_net,39.08,Amanda,Fitzgerald,F,298 Kayla Lights,Bristol,PA,19007,40.1159,-74.8536,21125,"Administrator, charities/voluntary organisations",1985-05-25,b3858f00a270906873477ce8777d4439,1378585122,39.479299,-75.340528,0
40631,2020-07-05 15:47:58,3598215285024754,fraud_Macejkovic-Lesch,shopping_pos,180.21,Ashley,Lopez,F,9333 Valentine Point,Bellmore,NY,11710,40.6729,-73.5365,34496,"Librarian, public",1970-10-21,dd70c04c2cfbdc7baad30a369805c2b3,1373039278,41.145345,-72.582954,0
105811,2020-07-27 23:44:56,30290551782700,fraud_Conroy Ltd,shopping_pos,1141.38,John,Clarke,M,27909 Peter Motorway,Cadiz,KY,42211,36.802,-87.8286,13422,Commissioning editor,1961-09-03,7654ab0bd4c20676e4d1ad06a59ddb55,1374968696,36.326702,-87.092698,1
403427,2020-11-27 01:40:21,344342339068828,fraud_Erdman-Kertzmann,gas_transport,58.89,Ruth,Fuller,F,37732 Joe Courts Apt. 752,Darien,GA,31305,31.3826,-81.4312,5989,Tax adviser,1967-05-05,51dbc465d63356be17784bd4a72e0e8c,1385516421,31.036661,-80.959248,0
346138,2020-11-01 23:07:35,4026222041577,fraud_Langworth LLC,personal_care,21.39,Debbie,Payne,F,204 Ashley Neck Apt. 169,Preston,CT,6365,41.5224,-71.9934,4720,Broadcast presenter,1977-05-18,409dc17696531fa76ac3a171617885f6,1383347255,41.164593,-71.254203,1
102530,2020-07-27 04:52:52,377895991033232,fraud_Schulist Ltd,food_dining,64.4,Kimberly,Myers,F,6881 King Isle Suite 228,Higganum,CT,6441,41.4682,-72.5751,5438,"Librarian, academic",1964-11-17,4dd0130bfec84642342e50939fd25ef8,1374900772,40.857295,-73.345712,0
123633,2020-08-03 14:06:44,3559160581764413,"fraud_Hermiston, Russel and Price",food_dining,54.11,Allen,Bell,M,70147 Amanda Fields,Saint Bonaventure,NY,14778,42.2701,-78.6847,1453,Toxicologist,1974-02-15,c2b5bcd6fcc3d57ddd6f0d9ee83955ad,1375538804,41.736348,-78.033153,0
354058,2020-11-05 00:19:37,370612217861404,fraud_Kuhic Inc,grocery_pos,329.17,Amanda,Fitzgerald,F,298 Kayla Lights,Bristol,PA,19007,40.1159,-74.8536,21125,"Administrator, charities/voluntary organisations",1985-05-25,394c56880c3eab19f4b8c02941483de0,1383610777,39.387983,-75.521919,1
373615,2020-11-13 23:05:40,30242921189660,"fraud_Nitzsche, Kessler and Wolff",shopping_pos,835.04,Dalton,Jones,M,3304 Hernandez Run,Afton,MI,49705,45.3637,-84.4695,937,Technical brewer,1958-04-06,833b19993c6b0f2de8ed2c2f096997d6,1384383940,45.034341,-84.635812,1
397066,2020-11-23 23:18:54,4972228199573984,fraud_Volkman-Predovic,shopping_net,988.52,Brian,Hogan,M,3316 Cindy Land,Lane,OK,74555,34.2691,-95.9685,861,Quantity surveyor,1960-04-08,e6ccdf5d5ad0aeec2f607404396e7d2c,1385248734,35.186202,-96.2768,1
369555,2020-11-11 15:45:54,2242542703101233,fraud_Runte-Mohr,food_dining,3.56,Samuel,Jenkins,M,43235 Mckenzie Views Apt. 837,Westport,KY,40077,38.4921,-85.4524,564,Pensions consultant,1996-04-10,37dad3172f5ff1cfc4c25161d3bc1b25,1384184754,38.128304,-86.108448,0
37051,2020-07-04 10:28:50,4989847570577635369,fraud_Cole PLC,grocery_pos,349.74,Vanessa,Anderson,F,21178 Brittney Locks,Prosperity,SC,29127,34.1832,-81.5324,8333,Archaeologist,1994-07-09,641d2681ddc413095cd3053900738738,1372933730,33.595316,-81.34936,1
485148,2020-12-15 21:37:37,6011492816282597,fraud_Schumm PLC,shopping_net,1065.89,Gary,Barnes,M,2970 Flores Brooks,Smackover,AR,71762,33.3398,-92.7442,2501,Financial adviser,1986-06-11,64d951d57294b97baf576ba8f08b71a2,1387143457,32.83108,-93.199649,1
504088,2020-12-20 19:50:39,3564839259330465,fraud_Kovacek Ltd,travel,8.98,Robert,Ashley,M,1250 Christopher Prairie Suite 016,Port Costa,CA,94569,38.046,-122.1866,198,Armed forces training and education officer,1959-03-31,4c695c1b3f664c23c4a027f38e5e4211,1387569039,39.037718,-122.397644,0
81839,2020-07-19 23:02:31,375534208663984,fraud_Strosin-Cruickshank,grocery_pos,304.55,Tyler,Garcia,M,408 Bradley Rest,Doe Hill,VA,24433,38.4207,-79.4629,99,Dance movement psychotherapist,1986-03-28,fb23e173c635781fb9d63505065987a6,1374274951,38.009625,-78.766662,1
17711,2020-06-27 16:14:03,6544734391390261,fraud_Schumm PLC,shopping_net,917.11,John,Myers,M,701 Wilson Divide,Highland,IN,46322,41.55,-87.4569,23727,Community arts worker,1982-02-08,75c0ae4b4a70b9905579fcb4b612569e,1372349643,40.691289000000005,-87.41234399999999,1
357782,2020-11-07 04:38:50,36722699017270,fraud_Keeling-Crist,misc_pos,3.23,Jessica,Perez,F,8172 Robertson Parkways Suite 072,Superior,AZ,85173,33.2887,-111.0985,2872,Petroleum engineer,1987-10-28,01306997abc6466ddd4d5ab583389e98,1383799130,34.288659,-110.42034,0
135993,2020-08-08 02:13:13,376445266762684,fraud_Kutch and Sons,grocery_pos,358.55,Rachel,Lowe,F,372 Jeffrey Course,Sutherland,NE,69165,41.1558,-101.136,1789,Insurance broker,1982-02-11,398c9d221d4fb18eaff5af1007044de0,1375927993,41.571712,-101.868459,1
410671,2020-11-30 05:04:28,213178850083780,fraud_Kerluke Inc,misc_net,85.91,Shawn,King,M,31493 Garcia Summit,Athena,OR,97813,45.8289,-118.4971,1302,Dealer,1976-10-18,6d6afb4186f7d1b4f1e415eb18e66908,1385787868,46.657495,-119.31584,0
494691,2020-12-18 16:27:58,6011492816282597,fraud_Beier-Hyatt,shopping_pos,9.41,Gary,Barnes,M,2970 Flores Brooks,Smackover,AR,71762,33.3398,-92.7442,2501,Financial adviser,1986-06-11,67eae228969d8e8922756593fb4abf16,1387384078,33.856091,-93.592852,0
51765,2020-07-08 23:01:21,30266994494236,fraud_Bechtelar-Rippin,food_dining,35.29,Sarah,Foster,F,77872 Andrea Glen Apt. 543,Ford,VA,23850,37.1349,-77.7364,1051,Chief Operating Officer,1976-11-21,2f498dcdcbacdea6bcf6e93cc5c8f1b5,1373324481,37.334135,-77.689074,0
423893,2020-12-02 14:14:45,213112402583773,fraud_Brown Inc,kids_pets,76.1,Ana,Howell,F,4664 Sanchez Common Suite 930,Bradley,SC,29819,34.0326,-82.2027,1523,Research scientist (physical sciences),1984-06-03,af46f62ae68fc65998f9fe530afb435b,1385993685,34.499455,-83.092109,0
386444,2020-11-19 08:11:24,4561892980175,"fraud_Reichert, Shanahan and Hayes",shopping_net,25.91,Jacqueline,Allen,F,166 Lisa Fords,Greenwood,IN,46143,39.596,-86.1309,78968,Financial adviser,1968-02-10,f25f8e5b0ccc269364c1911514850113,1384848684,38.951477,-85.75479200000001,0
368654,2020-11-10 23:56:02,4103158249977,fraud_Little-Gleichner,travel,8.81,Christopher,Adkins,M,3512 Knight Center,Lorenzo,TX,79343,33.6666,-101.5277,1571,Petroleum engineer,1982-06-27,75bcab07499184fa72cc42c2718ead78,1384127762,33.101324,-101.641677,1
29664,2020-06-30 22:02:57,3528231451607350,fraud_McGlynn-Heathcote,misc_net,830.06,Lauren,Moreno,F,83719 Wilson Shore,Heislerville,NJ,8324,39.224,-74.9942,526,Exercise physiologist,1940-09-06,a6082c1bd6b00d7b9f8b0b2a4e1bce95,1372629777,38.668035,-74.77953199999999,1
199357,2020-08-30 16:42:48,3568255211412877,"fraud_Graham, Hegmann and Hammes",food_dining,23.5,Timothy,Gomez,M,707 Anthony Causeway,Leo,IN,46765,41.2249,-85.0301,5341,Biomedical engineer,1994-11-24,94745a2c2621708a089fd976cd7b9c8e,1377880968,41.164508000000005,-85.81077900000001,0
406757,2020-11-28 22:03:25,676275912597,fraud_Goodwin-Nitzsche,grocery_pos,294.9,Edward,Hensley,M,24318 Dixon Mills,Elk Rapids,MI,49629,44.8955,-85.4082,2223,Chief Financial Officer,1986-01-18,aa3f0e5db65f8a308477eb7e10893946,1385676205,44.572311,-85.497975,1
128477,2020-08-04 18:27:12,4727244663135968,fraud_Schmitt Ltd,misc_net,792.98,Mary,Lewis,F,118 Justin Extension,Bay Minette,AL,36507,30.8635,-87.7644,19090,Science writer,1929-05-30,d0134311f2a17638202fcd3e8e3ce8ba,1375640832,30.914325,-88.35544399999999,1
274154,2020-09-30 23:22:55,180020605265701,"fraud_Reichert, Rowe and Mraz",shopping_net,879.09,John,Lewis,M,7908 Derrick Mount,Morrowville,KS,66958,39.8616,-97.1825,314,Chemical engineer,2002-03-17,5ed442bd31e86692c17acf363154b066,1380583375,40.569117,-96.234125,1
26231,2020-06-30 00:24:48,3528231451607350,fraud_Bins-Rice,gas_transport,18.82,Lauren,Moreno,F,83719 Wilson Shore,Heislerville,NJ,8324,39.224,-74.9942,526,Exercise physiologist,1940-09-06,aff7beec1f91f7f1306f7f5109b8a20c,1372551888,39.297454,-74.974855,1
196460,2020-08-29 17:07:40,4377338765909719,"fraud_Schneider, Hayes and Nikolaus",food_dining,13.03,Nicholas,Mcmahon,M,2123 Jonathan Falls Suite 753,Heiskell,TN,37754,36.115,-84.0438,4729,"Geologist, wellsite",1982-04-19,38be2fdd1049c6367666bb79b1c1f8a7,1377796060,37.024658,-84.586896,0
353930,2020-11-04 22:36:25,4561546772499,"fraud_Boehm, Predovic and Reinger",misc_pos,92.96,Daniel,Briggs,M,7118 Jessica Unions Apt. 789,Moriarty,NM,87035,34.9889,-106.0609,7268,"Therapist, art",1988-08-04,9cf08a1e3112a5e0cfb22708ae4197eb,1383604585,35.55698,-105.42642,0
30010,2020-06-30 23:46:30,3528231451607350,fraud_Torphy-Goyette,shopping_pos,727.32,Lauren,Moreno,F,83719 Wilson Shore,Heislerville,NJ,8324,39.224,-74.9942,526,Exercise physiologist,1940-09-06,71185970c3e5ee07c3d62523a8d5117b,1372635990,39.889722,-74.958256,1
447696,2020-12-07 23:02:21,30518196150127,fraud_Nienow PLC,entertainment,419.94,Karen,Sullivan,F,6313 Scott Trace,Rossville,IL,60963,40.3625,-87.6692,1807,"Buyer, retail",1975-06-02,ae8a47e0c03262ce4b076bb0cbf9810d,1386457341,39.924457,-88.538191,1
39021,2020-07-05 03:50:28,4989847570577635369,fraud_Wilkinson Ltd,entertainment,520.74,Vanessa,Anderson,F,21178 Brittney Locks,Prosperity,SC,29127,34.1832,-81.5324,8333,Archaeologist,1994-07-09,877ba4621f103c3264f8b34d82b8c976,1372996228,34.537761,-81.55863199999999,1
192464,2020-08-27 22:16:09,3563837241599446,"fraud_Moore, Dibbert and Koepp",misc_net,656.66,Timothy,Simmons,M,1049 John Ports Suite 057,Newberg,OR,97132,45.3099,-122.9685,28278,Research scientist (physical sciences),1977-07-17,d9ebab7fd6d1898e26860bfe62064cbf,1377641769,45.901061,-123.319642,1
499585,2020-12-19 22:22:55,374125201044065,fraud_Klocko LLC,misc_net,831.86,Christopher,Gilbert,M,20937 Reed Lakes Apt. 271,Washington,DC,20012,38.9757,-77.0282,601723,"Optician, dispensing",1970-07-20,a113a052ea81949175e2db4679743537,1387491775,38.994232,-76.757242,1
211117,2020-09-03 16:42:10,4997733566924489,fraud_Skiles LLC,home,115.25,Stephanie,Taylor,F,598 Martin Pine Suite 365,Saint Paul,MN,55128,44.9913,-92.9487,753116,Fisheries officer,1971-08-06,eff4498bc01b48852fe5ca6bc5ae1b2b,1378226530,44.103511,-93.30742,0
254359,2020-09-22 06:35:26,4951647200979051,fraud_McDermott-Weimann,grocery_pos,121.39,Kimberly,Miller,F,75533 Tamara Valleys,Logan,IL,62856,37.9943,-88.9417,324,"Scientist, research (physical sciences)",1976-06-15,3c9c13efb3fbe5c3e28f35588da103ce,1379831726,38.626993,-89.860919,0
136435,2020-08-08 07:53:16,6011348830550197,fraud_Hills-Olson,grocery_net,61.41,Samuel,Johnston,M,16285 Jessica Lights,Birmingham,AL,35229,33.4629,-86.7904,493806,Musician,1980-07-12,ed87e78304a5b0387987b94e74f3bfeb,1375948396,32.778604,-86.69417299999999,0
200880,2020-08-31 02:09:32,6011399591920186,fraud_Cummings LLC,gas_transport,57.63,Maria,Roy,F,58665 Nicholas Ford Suite 348,Sheffield,MA,1257,42.1001,-73.3611,2121,Radio producer,1973-10-14,c07558b9e248e6301af47c2c95a0ee4f,1377914972,42.761119,-73.74161,0
54086,2020-07-10 00:24:20,3573030041201292,fraud_Cassin-Harvey,grocery_net,34.72,Joanne,Williams,F,3638 Marsh Union,Altonah,UT,84002,40.3207,-110.436,302,"Sales professional, IT",1990-01-17,4eb57e3fe48675453300416e323443ce,1373415860,40.419107,-110.922779,0
298066,2020-10-11 21:57:38,2720012583106919,fraud_O'Keefe-Wisoky,food_dining,66.24,Joseph,Murray,M,42933 Ryan Underpass,Manderson,SD,57756,43.3526,-102.5411,1126,Volunteer coordinator,1980-08-18,1816e67181f8070399afa2669761bddc,1381528658,43.670163,-103.033298,0
265713,2020-09-27 18:51:56,639023984367,fraud_Larkin Ltd,kids_pets,28.53,Destiny,Lowe,F,79472 Stevens Trace Apt. 120,Hannawa Falls,NY,13647,44.6087,-74.9732,69,Chief Executive Officer,1991-06-05,6e22c4a6b7b4f2b497a8c17fc20caeb7,1380307916,45.326711,-74.167404,0
357802,2020-11-07 05:07:18,340953839692349,fraud_Auer-Mosciski,grocery_pos,57.85,Tyler,Wright,M,615 Clarke Spring Apt. 172,Warren,MI,48088,42.5164,-82.9832,134056,"Doctor, hospital",1980-05-18,565c611aa6748ce8276b7870e4093687,1383800838,43.172028000000005,-83.613188,0
